Workbook

Sheet Sheet1
A1: No. Pemesanan | B1: Nama Customer | C1: Jenis Kelamin | D1: Domisili
A2: 201 | B2: Agus | C2: Laki-laki | D2: Jakarta
A3: 202 | B3: Lina | C3: Perempuan | D3: Bandung
A4: 203 | B4: Okta | C4: Perempuan | D4: Surabaya
A5: 204 | B5: Christian | C5: Laki-laki | D5: Jogja
A6: 205 | B6: Christo | C6: Laki-laki | D6: Bandung
A7: 206 | B7: Rut | C7: Perempuan | D7: Jogja
A8: 207 | B8: Ellen | C8: Perempuan | D8: Surabaya
A9: 208 | B9: Citra | C9: Perempuan | D9: Jakarta
A10: 209 | B10: Nael | C10: Laki-laki | D10: Jogja
A11: 210 | B11: Dika | C11: Laki-laki | D11: Surabaya
A13: Kota | B13: Jakarta | C13: Jogja | D13: Bandung | E13: Surabaya
A14: Lama Pengiriman | B14: 3 Hari | C14: 2 Hari | D14: 2 Hari | E14: 1 Hari

Sheet Sheet2
A1: Tanggal Pemesanan | B1: No. Pemesanan | C1: Nama Customer | D1: Domisili | E1: Lama Pengiriman
A2: 44653 | B2: 203 | C2: =VLOOKUP(B2, Sheet1!$A$1:$D$11, 2, 0) -> Okta | D2: =VLOOKUP(B2, Sheet1!$A$1:$D$11, 4, 0) -> Surabaya | E2: =HLOOKUP(D2, Sheet1!$A$13:$E$14, 2, 0) -> 1 Hari
A3: 44655 | B3: 205 | C3: =VLOOKUP(B3, Sheet1!$A$1:$D$11, 2, 0) -> Christo | D3: =VLOOKUP(B3, Sheet1!$A$1:$D$11, 4, 0) -> Bandung | E3: =HLOOKUP(D3, Sheet1!$A$13:$E$14, 2, 0) -> 2 Hari | G3: VLOOKUP
A4: 44661 | B4: 210 | C4: =VLOOKUP(B4, Sheet1!$A$1:$D$11, 2, 0) -> Dika | D4: =VLOOKUP(B4, Sheet1!$A$1:$D$11, 4, 0) -> Surabaya | E4: =HLOOKUP(D4, Sheet1!$A$13:$E$14, 2, 0) -> 1 Hari | G4: HLOOKUP
A5: 44659 | B5: 207 | C5: =VLOOKUP(B5, Sheet1!$A$1:$D$11, 2, 0) -> Ellen | D5: =VLOOKUP(B5, Sheet1!$A$1:$D$11, 4, 0) -> Surabaya | E5: =HLOOKUP(D5, Sheet1!$A$13:$E$14, 2, 0) -> 1 Hari
A6: 44654 | B6: 201 | C6: =VLOOKUP(B6, Sheet1!$A$1:$D$11, 2, 0) -> Agus | D6: =VLOOKUP(B6, Sheet1!$A$1:$D$11, 4, 0) -> Jakarta | E6: =HLOOKUP(D6, Sheet1!$A$13:$E$14, 2, 0) -> 3 Hari
A7: 44658 | B7: 204 | C7: =VLOOKUP(B7, Sheet1!$A$1:$D$11, 2, 0) -> Christian | D7: =VLOOKUP(B7, Sheet1!$A$1:$D$11, 4, 0) -> Jogja | E7: =HLOOKUP(D7, Sheet1!$A$13:$E$14, 2, 0) -> 2 Hari
A8: 44656 | B8: 206 | C8: =VLOOKUP(B8, Sheet1!$A$1:$D$11, 2, 0) -> Rut | D8: =VLOOKUP(B8, Sheet1!$A$1:$D$11, 4, 0) -> Jogja | E8: =HLOOKUP(D8, Sheet1!$A$13:$E$14, 2, 0) -> 2 Hari
A9: 44660 | B9: 209 | C9: =VLOOKUP(B9, Sheet1!$A$1:$D$11, 2, 0) -> Nael | D9: =VLOOKUP(B9, Sheet1!$A$1:$D$11, 4, 0) -> Jogja | E9: =HLOOKUP(D9, Sheet1!$A$13:$E$14, 2, 0) -> 2 Hari
A10: 44652 | B10: 202 | C10: =VLOOKUP(B10, Sheet1!$A$1:$D$11, 2, 0) -> Lina | D10: =VLOOKUP(B10, Sheet1!$A$1:$D$11, 4, 0) -> Bandung | E10: =HLOOKUP(D10, Sheet1!$A$13:$E$14, 2, 0) -> 2 Hari
A11: 44657 | B11: 208 | C11: =VLOOKUP(B11, Sheet1!$A$1:$D$11, 2, 0) -> Citra | D11: =VLOOKUP(B11, Sheet1!$A$1:$D$11, 4, 0) -> Jakarta | E11: =HLOOKUP(D11, Sheet1!$A$13:$E$14, 2, 0) -> 3 Hari
A13: Note: setelah blok semua tabel di sheet1 klik fn+f4
